dataset,k,MaxPartial_KM,SSEDM_KM,Time_KM,MaxPartial_KM++,SSEDM_KM++,Time_KM++,MaxPartial_MBK,SSEDM_MBK,Time_MBK,MaxPartial_IKM-+,SSEDM_IKM-+,Time_IKM-+,tIKM/tKM
A1,20,4196521690.566177,18213418869.281902,0.0320707639058431,2431957535.641924,13838863798.021536,0.012718280156453451,1771967190.3111246,13232116267.773588,0.1794603983561198,2874535503.456444,14825184140.778204,0.13465558687845866,4.198702197234698
A2,35,4886711873.193359,31853129119.14447,0.011712900797526042,2538313274.263574,22754078255.323765,0.03455368677775065,2757053720.269117,23059585931.567665,0.16482648849487305,3696912968.974963,25689282347.45665,0.2546640078226725,21.74218088455609
A3,50,5632262808.849879,45888383098.415,0.017925755182902018,3039313488.4404764,32302458171.09624,0.04322268168131511,3394336106.988183,34278458266.09288,0.2072959582010905,4062390193.9938564,37178526739.1797,0.39454304377237953,22.00984224914013
S1,15,7005854168679.506,21665163137171.2,0.008205032348632813,854276607009.5,8917657886740.12,0.012118689219156901,1935232233139.4797,9923139797230.344,0.14018311500549316,4383196373369.407,12567482364018.836,0.16887288093566893,20.58162280905667
S2,15,5430576336725.197,20451661859583.082,0.009015719095865885,3312244074746.894,15570600911810.455,0.013393449783325195,2762881461089.614,15248306429079.182,0.13948376973470053,3889246880423.053,16131310744647.783,0.25704232851664227,28.510463312295055
S3,15,3229125987113.4253,19603781836980.266,0.00689387321472168,2705084551013.43,18331475206498.0,0.008226283391316732,3074326633290.6636,19316592192583.363,0.1006345272064209,2180858005809.6482,17659862577394.457,0.20258310635884602,29.38596345610698
S4,15,2494668032174.001,17117362094370.62,0.010744857788085937,2170470141941.9658,16315932963419.498,0.011281967163085938,2133530038924.4517,16784795836452.09,0.13418655395507811,1906415468305.4087,16138548054138.037,0.33949433962504066,31.595982591921988
Birch1,100,3133696131009.533,111475772075334.56,0.2328529198964437,2699726593411.8516,99803183718200.39,0.8197112401326497,2913670511917.587,104912086810004.03,0.8719213326772054,2610225455200.5396,99419443739919.05,10.163299592336019,43.646863422867646
